<?xml version="1.0" encoding="UTF-8"?>

<appendix id="activity-log">
    <!-- jEdit buffer-local properties: -->
    <!-- :indentSize=4:noTabs=true: -->
    <!-- :xml.root=users-guide.xml: -->
    <title>The Activity Log</title>

    <para>The <firstterm>activity log</firstterm> is very useful for
    troubleshooting problems, and helps when developing plugins.</para>

    <para><guimenu>Utilities</guimenu>&gt;<guisubmenu>Troubleshooting</guisubmenu>&gt;<guimenuitem>Activity
    Log</guimenuitem> displays the last 500 lines of the activity log. By
    default, the activity log is shown in a floating window. This window can be
    docked using the commands in its top-left corner popup menu; see <xref
    linkend="docking" />.</para>

    <para>The complete log can be found in the <filename>activity.log</filename>
    file inside the jEdit settings directory, the path of which is shown inside
    the activity log window.</para>

    <para>jEdit writes the following information to the activity log:</para>

    <itemizedlist>
        <listitem>
            <para>Information about your Java implementation (version, operating
            system, architecture, etc).</para>
        </listitem>

        <listitem>
            <para>All error messages and runtime exceptions (most errors are
            shown in dialog boxes as well, but the activity log usually contains
            more detailed and technical information).</para>
        </listitem>

        <listitem>
            <para>All sorts of debugging information that can be helpful when
            tracking down bugs.</para>
        </listitem>

        <listitem>
            <para>Information about loaded plugins.</para>
        </listitem>

    </itemizedlist>

    <para>While jEdit is running, the log file on disk may not always accurately
    reflect what has been logged, due to buffering being done for performance
    reasons. To ensure the file on disk is up to date, invoke the
    <guimenu>Utilities</guimenu>&gt;<guisubmenu>Troubleshooting</guisubmenu>&gt;<guimenuitem>Update
    Activity Log on Disk</guimenuitem> command. The log file is also
    automatically updated on disk when jEdit exits.</para>

    <para>
    The "Settings" button in the Activity Log window shows a dialog that lets
    you adjust the output colors, filter the messages by type, and lets you set
    the maximum number of lines to display.  Note that larger numbers will 
    decrease the overall performance of jEdit since these lines are kept in
    memory.
    </para>
</appendix>