<?xml version="1.0" encoding="UTF-8"?>
<!DOCTYPE module PUBLIC "-//Puppy Crawl//DTD Check Configuration 1.3//EN" "http://www.puppycrawl.com/dtds/configuration_1_3.dtd">

<!--
    This configuration file was written by the eclipse-cs plugin configuration editor
-->
<!--
    Checkstyle-Configuration: COMP303
    Description: none
-->
<module name="Checker">
  <property name="severity" value="warning"/>
  <module name="TreeWalker">
    <property name="tabWidth" value="4"/>
    <module name="FileContentsHolder"/>
    <module name="JavadocMethod">
      <property name="scope" value="protected"/>
      <property name="allowUndeclaredRTE" value="true"/>
      <property name="suppressLoadErrors" value="true"/>
    </module>
    <module name="JavadocType"/>
    <module name="JavadocVariable">
      <property name="severity" value="ignore"/>
      <property name="scope" value="protected"/>
      <metadata name="net.sf.eclipsecs.core.lastEnabledSeverity" value="inherit"/>
    </module>
    <module name="JavadocStyle"/>
    <module name="ConstantName"/>
    <module name="LocalFinalVariableName">
      <property name="format" value="^l[A-Z][a-zA-Z0-9]*$"/>
    </module>
    <module name="LocalVariableName">
      <property name="tokens" value="VARIABLE_DEF"/>
    </module>
    <module name="MemberName">
      <property name="format" value="^a[A-Z][a-zA-Z0-9]*$"/>
    </module>
    <module name="MethodName"/>
    <module name="PackageName">
      <property name="format" value="^[a-z][a-zA-Z_0-9]*(\.[a-zA-Z_][a-zA-Z0-9_]*)*$"/>
    </module>
    <module name="ParameterName">
      <property name="format" value="^p[A-Z][a-zA-Z0-9]*$"/>
    </module>
    <module name="StaticVariableName"/>
    <module name="TypeName"/>
    <module name="AvoidStarImport"/>
    <module name="IllegalImport"/>
    <module name="RedundantImport"/>
    <module name="UnusedImports"/>
    <module name="LineLength">
      <property name="ignorePattern" value="^ *\* *[^ ]+$"/>
      <property name="max" value="150"/>
    </module>
    <module name="MethodLength">
      <property name="severity" value="ignore"/>
      <metadata name="net.sf.eclipsecs.core.lastEnabledSeverity" value="inherit"/>
    </module>
    <module name="ParameterNumber">
      <property name="severity" value="ignore"/>
      <metadata name="net.sf.eclipsecs.core.lastEnabledSeverity" value="inherit"/>
    </module>
    <module name="EmptyForIteratorPad">
      <property name="option" value="space"/>
    </module>
    <module name="MethodParamPad"/>
    <module name="NoWhitespaceAfter">
      <property name="tokens" value="BNOT,DEC,DOT,INC,LNOT,UNARY_MINUS,UNARY_PLUS"/>
    </module>
    <module name="NoWhitespaceBefore">
      <property name="allowLineBreaks" value="true"/>
      <property name="tokens" value="DOT"/>
    </module>
    <module name="OperatorWrap">
      <property name="option" value="eol"/>
      <property name="tokens" value="ASSIGN,BAND,BAND_ASSIGN,BOR,BOR_ASSIGN,BSR,BSR_ASSIGN,BXOR,BXOR_ASSIGN,COLON,DIV,DIV_ASSIGN,EQUAL,GE,GT,LAND,LE,LITERAL_INSTANCEOF,LOR,LT,MINUS,MINUS_ASSIGN,MOD,MOD_ASSIGN,NOT_EQUAL,PLUS_ASSIGN,QUESTION,SL,SL_ASSIGN,SR,SR_ASSIGN,STAR,STAR_ASSIGN"/>
    </module>
    <module name="ParenPad">
      <property name="severity" value="ignore"/>
      <property name="option" value="space"/>
      <metadata name="net.sf.eclipsecs.core.lastEnabledSeverity" value="inherit"/>
    </module>
    <module name="TypecastParenPad">
      <property name="tokens" value="RPAREN,TYPECAST"/>
    </module>
    <module name="WhitespaceAfter">
      <property name="tokens" value="COMMA,SEMI"/>
    </module>
    <module name="WhitespaceAround">
      <property name="tokens" value="ASSIGN,BAND,BAND_ASSIGN,BOR,BOR_ASSIGN,LITERAL_ASSERT,LITERAL_ASSERT"/>
    </module>
    <module name="ModifierOrder"/>
    <module name="RedundantModifier"/>
    <module name="AvoidNestedBlocks"/>
    <module name="EmptyBlock">
      <property name="severity" value="ignore"/>
      <metadata name="net.sf.eclipsecs.core.lastEnabledSeverity" value="inherit"/>
    </module>
    <module name="LeftCurly">
      <property name="option" value="nl"/>
    </module>
    <module name="NeedBraces"/>
    <module name="RightCurly">
      <property name="option" value="alone"/>
    </module>
    <module name="AvoidInlineConditionals"/>
    <module name="EmptyStatement"/>
    <module name="EqualsHashCode"/>
    <module name="HiddenField"/>
    <module name="IllegalInstantiation"/>
    <module name="InnerAssignment"/>
    <module name="MagicNumber">
      <property name="ignoreNumbers" value="-1, 0, 1, 2,3,4"/>
    </module>
    <module name="MissingSwitchDefault"/>
    <module name="RedundantThrows">
      <property name="suppressLoadErrors" value="true"/>
    </module>
    <module name="SimplifyBooleanExpression"/>
    <module name="SimplifyBooleanReturn"/>
    <module name="FinalClass"/>
    <module name="HideUtilityClassConstructor"/>
    <module name="InterfaceIsType"/>
    <module name="VisibilityModifier"/>
    <module name="ArrayTypeStyle"/>
    <module name="FinalParameters">
      <property name="severity" value="ignore"/>
      <metadata name="net.sf.eclipsecs.core.lastEnabledSeverity" value="inherit"/>
    </module>
    <module name="GenericIllegalRegexp">
      <property name="severity" value="ignore"/>
      <metadata name="net.sf.eclipsecs.core.lastEnabledSeverity" value="inherit"/>
    </module>
    <module name="TodoComment">
      <property name="severity" value="ignore"/>
      <metadata name="net.sf.eclipsecs.core.lastEnabledSeverity" value="inherit"/>
    </module>
    <module name="UpperEll"/>
    <module name="AnonInnerLength">
      <property name="max" value="50"/>
    </module>
    <module name="EmptyForInitializerPad">
      <property name="option" value="space"/>
    </module>
    <module name="CovariantEquals"/>
    <module name="ModifiedControlVariable"/>
    <module name="StringLiteralEquality"/>
    <module name="NestedIfDepth">
      <property name="max" value="4"/>
    </module>
    <module name="NestedTryDepth"/>
    <module name="SuperClone"/>
    <module name="SuperFinalize"/>
    <module name="IllegalCatch"/>
    <module name="JUnitTestCase"/>
    <module name="ReturnCount">
      <property name="max" value="5"/>
    </module>
    <module name="DeclarationOrder"/>
    <module name="ParameterAssignment"/>
    <module name="DefaultComesLast"/>
    <module name="FallThrough"/>
    <module name="MultipleVariableDeclarations"/>
    <module name="UnnecessaryParentheses"/>
    <module name="BooleanExpressionComplexity"/>
    <module name="NPathComplexity"/>
    <module name="PackageHtml">
      <property name="severity" value="ignore"/>
      <metadata name="net.sf.eclipsecs.core.lastEnabledSeverity" value="inherit"/>
    </module>
  </module>
  <module name="FileTabCharacter">
    <property name="severity" value="ignore"/>
    <metadata name="net.sf.eclipsecs.core.lastEnabledSeverity" value="inherit"/>
  </module>
  <module name="NewlineAtEndOfFile">
    <property name="severity" value="ignore"/>
    <metadata name="net.sf.eclipsecs.core.lastEnabledSeverity" value="inherit"/>
  </module>
  <module name="Translation"/>
  <module name="SuppressionCommentFilter">
    <property name="offCommentFormat" value="CSOFF:"/>
    <property name="onCommentFormat" value="CSON:"/>
  </module>
</module>
